title,urlized,date
Pivotal Points in Technical Analysis: When Great Minds Converge on Similar Realizations,Pivotal-points-in-technical-analysis-when-great-minds-converge-on-similar-realizations,2023-06-01T09:00:00-05:00
Navigating the Market with Pivotal Points: A Deep Dive into Their Essence and Significance,Navigating-the-market-with-pivotal-points-a-deep-dive-into-their-essence-and-significance,2023-05-31T09:00:00-05:00
Identification of Pivotal Points: Unraveling Jesse Livermore's Legacy in Modern Trading,Identification-of-pivotal-points-unraveling-jesse-livermores-legacy-in-modern-trading,2023-05-30T09:00:00-05:00
Pivotal Points and Trend Analysis: Gleaning Insights from Jesse Livermore's Market Mastery,Pivotal-points-and-trend-analysis-gleaning-insights-from-jesse-livermores-market-mastery,2023-05-29T09:00:00-05:00
Pivotal Points in Natural Rally and Reaction Columns: A Deep Dive into Market Dynamics,Pivotal-points-in-natural-rally-and-reaction-columns-a-deep-dive-into-market-dynamics,2023-05-28T09:00:00-05:00
Pivotal Points and Market Strength: A Deep Dive into Their Relationship,Pivotal-points-and-market-strength-a-deep-dive-into-their-relationship,2023-06-02T09:00:00-05:00
Danger Signals Associated with Pivotal Points: A Trader's Guide,Danger-signals-associated-with-pivotal-points-a-traders-guide,2023-06-03T09:00:00-05:00
Pivotal Points and Key Prices: Navigating the Market's Landmarks,Pivotal-points-and-key-prices-navigating-the-markets-landmarks,2023-06-04T09:00:00-05:00
Practical Application of Pivotal Points: Navigating Market Transitions,Practical-application-of-pivotal-points-navigating-market-transitions,2023-06-05T09:00:00-05:00
Jesse Livermore's Application of Trend Columns in Stock Technical Analysis,Jesse-livermores-application-of-trend-columns-in-stock-technical-analysis,2023-05-20T11:00:00-05:00
Jesse Livermore's Trend Columns and Pivot Point System,Jesse-livermores-trend-columns-and-pivot-point-system,2023-05-21T09:00:00-05:00
Ink Color Significance in Trend Columns: Understanding Jesse Livermore's Pivot Point System,Ink-color-significance-in-trend-columns-understanding-jesse-livermores-pivot-point-system,2023-05-22T09:00:00-05:00
Transition Between Trend Columns and Natural Columns: A Deep Dive into Jesse Livermore's Pivot Point System,Transition-between-trend-columns-and-natural-columns-a-deep-dive-into-jesse-livermores-pivot-point-system,2023-05-23T09:00:00-05:00
Trend Columns and Price Movements: Jesse Livermore's Pivot Point System,Trend-columns-and-price-movements-jesse-livermores-pivot-point-system,2023-05-24T09:00:00-05:00
Pivotal Points within Trend Columns: Jesse Livermore's Pivot Point System,Pivotal-points-within-trend-columns-jesse-livermores-pivot-point-system,2023-05-19T09:00:00-05:00
Trend Resumption Indicators: Jesse Livermore's Pivot Point System,Trend-resumption-indicators-jesse-livermores-pivot-point-system,2023-05-18T09:00:00-05:00
Danger Signals in Trend Columns: Jesse Livermore's Pivot Point System,Danger-signals-in-trend-columns-jesse-livermores-pivot-point-system,2023-05-17T09:00:00-05:00
Practical Implications of Trend Columns in Jesse Livermore's Pivot Point System,Practical-implications-of-trend-columns-in-jesse-livermores-pivot-point-system,2023-05-16T09:00:00-05:00
Natural Movements in Jesse Livermore's Pivot Point System ,Natural-movements-in-jesse-livermores-pivot-point-system,2023-05-30T14:00:00-05:00
Understanding Natural Movements In Jesse Livermore's Pivot Point System,Understanding-natural-movements-in-jesse-livermores-pivot-point-system,2023-05-31T09:00:00-05:00
Transitioning to Natural Columns: A Deep Dive into Jesse Livermore's Pivot Point System,Transitioning-to-natural-columns-a-deep-dive-into-jesse-livermores-pivot-point-system,2023-06-01T09:00:00-05:00
Significance of Six-Point Movements: Delving into Jesse Livermore's Pivot Point System,Significance-of-six-point-movements-delving-into-jesse-livermores-pivot-point-system,2023-06-02T09:00:00-05:00
Natural Movements and Pivotal Points: Jesse Livermore's Pivot Point System,Natural-movements-and-pivotal-points-jesse-livermores-pivot-point-system,2023-06-03T09:00:00-05:00
Natural Movements and Secondary Columns: Jesse Livermore's Pivot Point System,Natural-movements-and-secondary-columns-jesse-livermores-pivot-point-system,2023-05-29T09:00:00-05:00
Trend Analysis Using Natural Movements: Jesse Livermore's Pivot Point System,Trend-analysis-using-natural-movements-jesse-livermores-pivot-point-system,2023-05-28T09:00:00-05:00
The Ink and Pencil Dynamic in Jesse Livermore's Pivot Point System,The-ink-and-pencil-dynamic-in-jesse-livermores-pivot-point-system,2023-05-27T09:00:00-05:00
Practical Implications of Natural Movements in Jesse Livermore's Pivot Point System,Practical-implications-of-natural-movements-in-jesse-livermores-pivot-point-system,2023-05-26T09:00:00-05:00
The Nuances of Secondary Movements in Stock Trading: Jesse Livermore's Pivot Point System,The-nuances-of-secondary-movements-in-stock-trading-jesse-livermores-pivot-point-system,2023-06-01T17:00:00-05:00
Introduction to Secondary Movements: Jesse Livermore's Pivot Point System,Introduction-to-secondary-movements-jesse-livermores-pivot-point-system,2023-06-02T09:00:00-05:00
Differentiating Primary from Secondary Movements in Jesse Livermore's Pivotal Points Trading System,Differentiating-primary-from-secondary-movements-in-jesse-livermores-pivotal-points-trading-system,2023-05-31T09:00:00-05:00
Transitioning to Secondary Columns in Jesse Livermore's Pivotal Points System,Transitioning-to-secondary-columns-in-jesse-livermores-pivotal-points-system,2023-06-03T09:00:00-05:00
Secondary Movements and Six-Point Changes: Jesse Livermore's Pivot Point System,Secondary-movements-and-six-point-changes-jesse-livermores-pivot-point-system,2023-05-30T09:00:00-05:00
Secondary Movements and Pivotal Points in Jesse Livermore's Pivot Point System,Secondary-movements-and-pivotal-points-in-jesse-livermores-pivot-point-system,2023-06-04T09:00:00-05:00
Influence of Secondary Movements on Trend Analysis: Jesse Livermore's Pivot Point System,Influence-of-secondary-movements-on-trend-analysis-jesse-livermores-pivot-point-system,2023-05-29T09:00:00-05:00
Practical Implications of Secondary Movements in Jesse Livermore's Pivot Point System,Practical-implications-of-secondary-movements-in-jesse-livermores-pivot-point-system,2023-06-05T09:00:00-05:00
Secondary Movements and Market Strength: Insights from Jesse Livermore's Pivot Point System,Secondary-movements-and-market-strength-insights-from-jesse-livermores-pivot-point-system,2023-05-28T09:00:00-05:00
